prot_desc,position,site_residue,probability,prediction
sp|P0A901,11,T,0.77868944,1
sp|P0A901,20,S,0.6331306,1
sp|P0A901,21,S,0.47339457,0
sp|P0A901,23,T,0.36157414,0
sp|P0A901,29,T,0.611611,1
sp|P0A901,39,Y,0.4951364,0
sp|P0A901,42,T,0.6709658,1
sp|P0A901,44,Y,0.31944424,0
sp|P0A901,61,T,0.644129,1
sp|P0A901,63,T,0.58127314,1
sp|P0A901,64,Y,0.3177197,0
sp|P0A901,65,S,0.526452,1
sp|P0A901,79,Y,0.38326338,0
sp|P0A901,89,S,0.6833536,1
sp|P0A901,94,Y,0.2646218,0
sp|P0A901,96,T,0.6089942,1
sp|P0A901,100,T,0.5575739,1
sp|P0A901,107,S,0.5065132,1
sp|P0A901,113,Y,0.6040327,1
sp|P0A901,116,Y,0.65036327,1
sp|P0A901,125,Y,0.60471225,1
sp|P0A901,137,Y,0.32679367,0
sp|P0A901,142,S,0.65934014,1
sp|P0A901,144,T,0.49467704,0
sp|P0A901,146,T,0.37131482,0
sp|P0A901,148,S,0.56318563,1
sp|P0A901,160,T,0.5048619,1
sp|P0A901,167,S,0.70003456,1
sp|P0A901,177,S,0.4534968,0
sp|P09030,5,S,0.45397177,0
sp|P09030,35,T,0.7457223,1
sp|P09030,52,Y,0.5994138,1
sp|P09030,56,Y,0.5858923,1
sp|P09030,63,Y,0.23058733,0
sp|P09030,69,T,0.55645645,1
sp|P09030,72,T,0.31656408,0
sp|P09030,98,S,0.6325115,1
sp|P09030,104,T,0.76096696,1
sp|P09030,109,Y,0.7937272,1
sp|P09030,115,S,0.7159732,1
sp|P09030,129,Y,0.58417964,1
sp|P09030,135,Y,0.4816684,0
sp|P09030,138,T,0.70386153,1
sp|P09030,155,S,0.43943274,0
sp|P09030,157,T,0.47230598,0
sp|P09030,174,T,0.61045855,1
sp|P09030,178,S,0.32415494,0
sp|P09030,192,S,0.2351842,0
sp|P09030,198,T,0.5750504,1
sp|P09030,206,T,0.6680001,1
sp|P09030,211,S,0.752176,1
sp|P09030,215,Y,0.55177736,1
sp|P09030,217,S,0.7621261,1
sp|P09030,234,S,0.723285,1
sp|P09030,244,T,0.8562002,1
sp|P09030,248,Y,0.46342283,0
sp|P09030,252,S,0.42805648,0
sp|P09030,257,S,0.7673087,1
sp|P09030,265,T,0.4919064,0
sp|P06996,7,S,0.46412086,0
sp|P06996,25,Y,0.3831014,0
sp|P06996,35,Y,0.25628492,0
sp|P06996,43,Y,0.5635803,1
sp|P06996,45,S,0.6088501,1
sp|P06996,55,T,0.6403453,1
sp|P06996,56,Y,0.25915116,0
sp|P06996,65,T,0.8173832,1
sp|P06996,68,T,0.82544357,1
sp|P06996,72,T,0.8568542,1
sp|P06996,74,Y,0.75602114,1
sp|P06996,79,Y,0.7494415,1
sp|P06996,85,S,0.79419744,1
sp|P06996,92,S,0.8341985,1
sp|P06996,94,T,0.8341793,1
sp|P06996,108,S,0.45448247,0
sp|P06996,111,Y,0.63197863,1
sp|P06996,115,Y,0.7958843,1
sp|P06996,119,Y,0.7409307,1
sp|P06996,122,T,0.9071264,1
sp|P06996,123,S,0.8520522,1
sp|P06996,125,T,0.8780611,1
sp|P06996,135,T,0.81397784,1
sp|P06996,136,Y,0.830733,1
sp|P06996,138,S,0.78995323,1
sp|P06996,151,T,0.6881487,1
sp|P06996,152,Y,0.7657867,1
sp|P06996,155,T,0.7369046,1
sp|P06996,170,Y,0.7774731,1
sp|P06996,178,S,0.45251182,0
sp|P06996,183,T,0.60464406,1
sp|P06996,184,S,0.61361194,1
sp|P06996,187,T,0.64100796,1
sp|P06996,204,S,0.5643805,1
sp|P06996,206,T,0.67712134,1
sp|P06996,207,Y,0.6461129,1
sp|P06996,209,Y,0.479235,0
sp|P06996,219,S,0.678319,1
sp|P06996,220,S,0.6231009,1
sp|P06996,221,S,0.66674376,1
sp|P06996,224,T,0.6640319,1
sp|P06996,229,T,0.59045446,1
sp|P06996,232,Y,0.3852688,0
sp|P06996,241,T,0.7218004,1
sp|P06996,242,Y,0.5148487,1
sp|P06996,243,T,0.7455078,1
sp|P06996,248,Y,0.7776482,1
sp|P06996,254,Y,0.42232442,0
sp|P06996,259,Y,0.6529236,1
sp|P06996,260,T,0.85753596,1
sp|P06996,262,T,0.84305704,1
sp|P06996,263,Y,0.59370595,1
sp|P06996,266,T,0.65884966,1
sp|P06996,270,S,0.36358038,0
sp|P06996,286,Y,0.75713885,1
sp|P06996,295,S,0.8017368,1
sp|P06996,298,Y,0.62948596,1
sp|P06996,301,S,0.79157525,1
sp|P06996,310,Y,0.5095708,1
sp|P06996,318,Y,0.40588135,0
sp|P06996,324,T,0.75164825,1
sp|P06996,325,Y,0.6213291,1
sp|P06996,326,Y,0.523601,1
sp|P06996,332,S,0.757151,1
sp|P06996,333,T,0.80092865,1
sp|P06996,334,Y,0.4383117,0
sp|P06996,337,Y,0.6084732,1
sp|P06996,348,T,0.78591675,1
sp|P06996,355,T,0.85609514,1
sp|P06996,365,Y,0.63852996,1
